Workbook

Sheet GiaDinh
A1: GIẢ ĐỊNH — chỉnh Ô VÀNG, toàn bộ mô hình tự tính lại
A3: PHỄU CTV
A4: Số CTV hoạt động tháng 1 | B4: 3 | C4: Bắt đầu nhỏ để tinh chỉnh quy trình
A5: CTV tuyển thêm mỗi tháng | B5: 1 | C5: Tăng dần khi quy trình chạy mượt
A6: Hồ sơ NHẬP / CTV / tháng | B6: 30 | C6: ≈7–8 hồ sơ/tuần — KPI chính thức
A7: Tỉ lệ DUYỆT (chất lượng hồ sơ) | B7: 0.7 | C7: Benchmark checklist /sale/duyet
A8: Tỉ lệ KÍCH HOẠT (thợ confirm lịch đầu) | B8: 0.4 | C8: Đo bằng lịch hẹn confirmed đầu tiên
A9: Tỉ lệ thợ SỐNG (từ lũy kế kích hoạt) | B9: 0.6 | C9: Có lịch confirmed trong 30 ngày
A10: HOA HỒNG CTV (tiền mặt)
A11: Hoa hồng cơ bản / hồ sơ duyệt | B11: 30000 | C11: SALE_COMMISSION_BASE (đang chạy)
A12: Thưởng chia sẻ / hồ sơ | B12: 10000 | C12: SALE_COMMISSION_SHARE_BONUS (đang chạy)
A13: Tỉ lệ hồ sơ có thưởng chia sẻ | B13: 0.5
A14: Thưởng kích hoạt / thợ (ĐỀ XUẤT) | B14: 20000 | C14: Trả khi thợ confirm lịch đầu tiên
A15: Thưởng mốc tháng / CTV đạt | B15: 200000 | C15: Đạt >=30 hồ sơ duyệt/tháng
A16: Tỉ lệ CTV đạt mốc | B16: 0.3
A17: CHI PHÍ VẬN HÀNH (tiền mặt)
A18: Server + hạ tầng / tháng | B18: 700000 | C18: VPS + backup + domain
A19: Công cụ khác / tháng | B19: 300000 | C19: API, tiện ích, dự phòng
A20: Salekit / CTV mới (in ấn, áo, QR) | B20: 50000
A21: Chi Zalo ZNS / thợ sống / tháng | B21: 3000 | C21: ≈8 tin x 350đ (khi bật ZNS)
A22: DOANH THU
A23: Doanh thu nền tảng | B23: 0 | C23: =0 THEO CHIẾN LƯỢC — monetize cách khác sau. Tặng ví 200k là TIỀN ẢO, không phải chi tiền mặt.

Sheet MoHinh12T
A1: MÔ HÌNH 12 THÁNG — toàn công thức, đổi GiaDinh là tự chạy
A3: Chỉ số | B3: T1 | C3: T2 | D3: T3 | E3: T4 | F3: T5 | G3: T6 | H3: T7 | I3: T8 | J3: T9 | K3: T10 | L3: T11 | M3: T12 | N3: CẢ NĂM
A5: ── PHỄU ──
A6: Số CTV hoạt động | B6: =GiaDinh!$B$4 | C6: =B6+GiaDinh!$B$5 | D6: =C6+GiaDinh!$B$5 | E6: =D6+GiaDinh!$B$5 | F6: =E6+GiaDinh!$B$5 | G6: =F6+GiaDinh!$B$5 | H6: =G6+GiaDinh!$B$5 | I6: =H6+GiaDinh!$B$5 | J6: =I6+GiaDinh!$B$5 | ... M6: =L6+GiaDinh!$B$5 | N6: =M6
A7: Hồ sơ nhập | B7: =B6*GiaDinh!$B$6 | C7: =C6*GiaDinh!$B$6 | D7: =D6*GiaDinh!$B$6 | E7: =E6*GiaDinh!$B$6 | F7: =F6*GiaDinh!$B$6 | G7: =G6*GiaDinh!$B$6 | H7: =H6*GiaDinh!$B$6 | I7: =I6*GiaDinh!$B$6 | ... M7: =M6*GiaDinh!$B$6 | N7: =SUM(B7:M7)
A8: Hồ sơ duyệt | B8: =ROUND(B7*GiaDinh!$B$7,0) | C8: =ROUND(C7*GiaDinh!$B$7,0) | D8: =ROUND(D7*GiaDinh!$B$7,0) | E8: =ROUND(E7*GiaDinh!$B$7,0) | F8: =ROUND(F7*GiaDinh!$B$7,0) | G8: =ROUND(G7*GiaDinh!$B$7,0) | H8: =ROUND(H7*GiaDinh!$B$7,0) | I8: =ROUND(I7*GiaDinh!$B$7,0) | ... M8: =ROUND(M7*GiaDinh!$B$7,0) | N8: =SUM(B8:M8)
A9: Thợ kích hoạt trong tháng | B9: =ROUND(B8*GiaDinh!$B$8,0) | C9: =ROUND(C8*GiaDinh!$B$8,0) | D9: =ROUND(D8*GiaDinh!$B$8,0) | E9: =ROUND(E8*GiaDinh!$B$8,0) | F9: =ROUND(F8*GiaDinh!$B$8,0) | G9: =ROUND(G8*GiaDinh!$B$8,0) | H9: =ROUND(H8*GiaDinh!$B$8,0) | I9: =ROUND(I8*GiaDinh!$B$8,0) | ... M9: =ROUND(M8*GiaDinh!$B$8,0) | N9: =SUM(B9:M9)
A10: LŨY KẾ thợ duyệt | B10: =B8 | C10: =B10+C8 | D10: =C10+D8 | E10: =D10+E8 | F10: =E10+F8 | G10: =F10+G8 | H10: =G10+H8 | I10: =H10+I8 | J10: =I10+J8 | ... M10: =L10+M8 | N10: =M10
A11: LŨY KẾ thợ kích hoạt | B11: =B9 | C11: =B11+C9 | D11: =C11+D9 | E11: =D11+E9 | F11: =E11+F9 | G11: =F11+G9 | H11: =G11+H9 | I11: =H11+I9 | J11: =I11+J9 | ... M11: =L11+M9 | N11: =M11
A12: Thợ SỐNG (ước tính) | B12: =ROUND(B11*GiaDinh!$B$9,0) | C12: =ROUND(C11*GiaDinh!$B$9,0) | D12: =ROUND(D11*GiaDinh!$B$9,0) | E12: =ROUND(E11*GiaDinh!$B$9,0) | F12: =ROUND(F11*GiaDinh!$B$9,0) | G12: =ROUND(G11*GiaDinh!$B$9,0) | H12: =ROUND(H11*GiaDinh!$B$9,0) | I12: =ROUND(I11*GiaDinh!$B$9,0) | ... M12: =ROUND(M11*GiaDinh!$B$9,0) | N12: =M12
A14: ── CHI TIỀN MẶT ──
A15: Hoa hồng cơ bản | B15: =B8*GiaDinh!$B$11 | C15: =C8*GiaDinh!$B$11 | D15: =D8*GiaDinh!$B$11 | E15: =E8*GiaDinh!$B$11 | F15: =F8*GiaDinh!$B$11 | G15: =G8*GiaDinh!$B$11 | H15: =H8*GiaDinh!$B$11 | I15: =I8*GiaDinh!$B$11 | ... M15: =M8*GiaDinh!$B$11 | N15: =SUM(B15:M15)
A16: Thưởng chia sẻ | B16: =B8*GiaDinh!$B$13*GiaDinh!$B$12 | C16: =C8*GiaDinh!$B$13*GiaDinh!$B$12 | D16: =D8*GiaDinh!$B$13*GiaDinh!$B$12 | E16: =E8*GiaDinh!$B$13*GiaDinh!$B$12 | F16: =F8*GiaDinh!$B$13*GiaDinh!$B$12 | G16: =G8*GiaDinh!$B$13*GiaDinh!$B$12 | H16: =H8*GiaDinh!$B$13*GiaDinh!$B$12 | I16: =I8*GiaDinh!$B$13*GiaDinh!$B$12 | ... M16: =M8*GiaDinh!$B$13*GiaDinh!$B$12 | N16: =SUM(B16:M16)
A17: Thưởng kích hoạt (đề xuất) | B17: =B9*GiaDinh!$B$14 | C17: =C9*GiaDinh!$B$14 | D17: =D9*GiaDinh!$B$14 | E17: =E9*GiaDinh!$B$14 | F17: =F9*GiaDinh!$B$14 | G17: =G9*GiaDinh!$B$14 | H17: =H9*GiaDinh!$B$14 | I17: =I9*GiaDinh!$B$14 | ... M17: =M9*GiaDinh!$B$14 | N17: =SUM(B17:M17)
A18: Thưởng mốc tháng | B18: =ROUND(B6*GiaDinh!$B$16,0)*GiaDinh!$B$15 | C18: =ROUND(C6*GiaDinh!$B$16,0)*GiaDinh!$B$15 | D18: =ROUND(D6*GiaDinh!$B$16,0)*GiaDinh!$B$15 | E18: =ROUND(E6*GiaDinh!$B$16,0)*GiaDinh!$B$15 | F18: =ROUND(F6*GiaDinh!$B$16,0)*GiaDinh!$B$15 | G18: =ROUND(G6*GiaDinh!$B$16,0)*GiaDinh!$B$15 | H18: =ROUND(H6*GiaDinh!$B$16,0)*GiaDinh!$B$15 | I18: =ROUND(I6*GiaDinh!$B$16,0)*GiaDinh!$B$15 | ... M18: =ROUND(M6*GiaDinh!$B$16,0)*GiaDinh!$B$15 | N18: =SUM(B18:M18)
A19: Salekit CTV mới | B19: =B6*GiaDinh!$B$20 | C19: =(C6-B6)*GiaDinh!$B$20 | D19: =(D6-C6)*GiaDinh!$B$20 | E19: =(E6-D6)*GiaDinh!$B$20 | F19: =(F6-E6)*GiaDinh!$B$20 | G19: =(G6-F6)*GiaDinh!$B$20 | H19: =(H6-G6)*GiaDinh!$B$20 | I19: =(I6-H6)*GiaDinh!$B$20 | J19: =(J6-I6)*GiaDinh!$B$20 | ... M19: =(M6-L6)*GiaDinh!$B$20 | N19: =SUM(B19:M19)
A20: Server + công cụ | B20: =GiaDinh!$B$18+GiaDinh!$B$19 | C20: =GiaDinh!$B$18+GiaDinh!$B$19 | D20: =GiaDinh!$B$18+GiaDinh!$B$19 | E20: =GiaDinh!$B$18+GiaDinh!$B$19 | F20: =GiaDinh!$B$18+GiaDinh!$B$19 | G20: =GiaDinh!$B$18+GiaDinh!$B$19 | H20: =GiaDinh!$B$18+GiaDinh!$B$19 | I20: =GiaDinh!$B$18+GiaDinh!$B$19 | ... M20: =GiaDinh!$B$18+GiaDinh!$B$19 | N20: =SUM(B20:M20)
A21: Zalo ZNS | B21: =B12*GiaDinh!$B$21 | C21: =C12*GiaDinh!$B$21 | D21: =D12*GiaDinh!$B$21 | E21: =E12*GiaDinh!$B$21 | F21: =F12*GiaDinh!$B$21 | G21: =G12*GiaDinh!$B$21 | H21: =H12*GiaDinh!$B$21 | I21: =I12*GiaDinh!$B$21 | ... M21: =M12*GiaDinh!$B$21 | N21: =SUM(B21:M21)
A22: TỔNG CHI THÁNG | B22: =SUM(B15:B21) | C22: =SUM(C15:C21) | D22: =SUM(D15:D21) | E22: =SUM(E15:E21) | F22: =SUM(F15:F21) | G22: =SUM(G15:G21) | H22: =SUM(H15:H21) | I22: =SUM(I15:I21) | ... M22: =SUM(M15:M21) | N22: =SUM(B22:M22)
A24: ── DÒNG TIỀN ──
A25: Doanh thu nền tảng (= 0) | B25: =GiaDinh!$B$23 | C25: =GiaDinh!$B$23 | D25: =GiaDinh!$B$23 | E25: =GiaDinh!$B$23 | F25: =GiaDinh!$B$23 | G25: =GiaDinh!$B$23 | H25: =GiaDinh!$B$23 | I25: =GiaDinh!$B$23 | ... M25: =GiaDinh!$B$23 | N25: =SUM(B25:M25)
A26: Dòng tiền ròng | B26: =B25-B22 | C26: =C25-C22 | D26: =D25-D22 | E26: =E25-E22 | F26: =F25-F22 | G26: =G25-G22 | H26: =H25-H22 | I26: =I25-I22 | ... M26: =M25-M22 | N26: =SUM(B26:M26)
A27: LŨY KẾ BURN | B27: =B26 | C27: =B27+C26 | D27: =C27+D26 | E27: =D27+E26 | F27: =E27+F26 | G27: =F27+G26 | H27: =G27+H26 | I27: =H27+I26 | J27: =I27+J26 | ... M27: =L27+M26 | N27: =M27
A29: ── HIỆU QUẢ ──
A30: Chi phí / hồ sơ duyệt | B30: =IF(B8=0,0,B22/B8) | C30: =IF(C8=0,0,C22/C8) | D30: =IF(D8=0,0,D22/D8) | E30: =IF(E8=0,0,E22/E8) | F30: =IF(F8=0,0,F22/F8) | G30: =IF(G8=0,0,G22/G8) | H30: =IF(H8=0,0,H22/H8) | I30: =IF(I8=0,0,I22/I8) | ... N30: =IF(N8=0,0,N22/N8)
A31: Chi phí / thợ kích hoạt | B31: =IF(B9=0,0,B22/B9) | C31: =IF(C9=0,0,C22/C9) | D31: =IF(D9=0,0,D22/D9) | E31: =IF(E9=0,0,E22/E9) | F31: =IF(F9=0,0,F22/F9) | G31: =IF(G9=0,0,G22/G9) | H31: =IF(H9=0,0,H22/H9) | I31: =IF(I9=0,0,I22/I9) | ... N31: =IF(N9=0,0,N22/N9)

Sheet TomTat
A1: TÓM TẮT 12 THÁNG (tự tính từ MoHinh12T)
A3: Tổng chi tiền mặt 12 tháng | B3: =MoHinh12T!N22 | C3: Số tiền túi cần chuẩn bị cho tăng trưởng cung thợ
A4: Burn trung bình / tháng | B4: =MoHinh12T!N22/12
A5: Thợ được duyệt (lũy kế cuối T12) | B5: =MoHinh12T!N10
A6: Thợ kích hoạt (lũy kế cuối T12) | B6: =MoHinh12T!N11
A7: Thợ sống tại T12 | B7: =MoHinh12T!N12 | C7: Tài sản thật khi bắt đầu monetize
A8: Chi phí bình quân / hồ sơ duyệt | B8: =MoHinh12T!N30 | C8: So sánh: 1 lead ads FB ngành dịch vụ ~50-150k mà chưa chắc là THỢ
A9: Chi phí bình quân / thợ kích hoạt | B9: =MoHinh12T!N31 | C9: KPI quan trọng nhất của mô hình
A10: Doanh thu | B10: 0 | C10: =0 theo chiến lược — nền tảng không thu tiền giai đoạn này
A12: Lưu ý: tặng ví 200.000đ/thợ khi duyệt là TIỀN ẢO (credit), không nằm trong chi tiền mặt.
A13: Thử kịch bản: sửa ô vàng ở sheet GiaDinh (số CTV, tỉ lệ duyệt, hoa hồng...).
